,topics,start-time,end-time,med-frequency,mean-frequency
0,/topic,1585866235.1126091,1585866239.6435084,2.0,2.21
1,/rosout,1585866235.1124115,1585866239.612762,2.0,2.22
