{
    "Filepath": "bagfiles/ros2/talker",
    "Start": 1585866235.1124113,
    "End": 1585866239.6435082,
    "Topics": {
        "/topic": {
            "name": "/topic",
            "start": 1585866235.6129751,
            "end": 1585866239.6435084,
            "frequency": 2.0
        },
        "/rosout": {
            "name": "/rosout",
            "start": 1585866235.612677,
            "end": 1585866239.612762,
            "frequency": 2.0
        }
    },
    "Nodes": {
        "/_ros2cli_rosbag2": {
            "name": "/_ros2cli_rosbag2",
            "source": "fixed node",
            "#publisher": 0,
            "#subscriber": 2,
            "avg_pub_freq": 2.0
        }
    }
}