{
    "Filepath": "./bagfiles/ros1/turtlesim",
    "Start": 1648042811.173709,
    "End": 1648042837.6895666,
    "Topics": {},
    "Nodes": {}
}